{
  "model1": {
    "BWT": -0.125,
    "FWT": 0.36000000000000004,
    "Retention%": 86.06138107416879,
    "Transfer%": 184.50704225352115
  },
  "model2": {
    "BWT": -0.05999999999999994,
    "FWT": 0.2603211009174312,
    "Retention%": 92.90780141843973,
    "Transfer%": 150.8968609865471
  }
}