{
  "model1": {
    "BWT": -0.025229357798165153,
    "FWT": 0.34400000000000003,
    "Retention%": 97.18670076726343,
    "Transfer%": 180.7511737089202
  },
  "model2": {
    "BWT": -0.07599999999999996,
    "FWT": 0.36009174311926606,
    "Retention%": 91.01654846335698,
    "Transfer%": 170.4035874439462
  }
}